{
  "_fv": 39,
  "_type": "recipe",
  "definition": {
    "recipeType": "Crafting",
    "xpReward": 0.0,
    "cookingTime": 200,
    "recipeRetstackSize": 1,
    "group": "zb",
    "recipeShapeless": false,
    "recipeSlots": [
      {
        "value": "CUSTOM:Zb"
      },
      {
        "value": "CUSTOM:Zb"
      },
      {
        "value": "CUSTOM:Zb"
      },
      {
        "value": "CUSTOM:Zb"
      },
      {
        "value": "CUSTOM:Zb"
      },
      {
        "value": "CUSTOM:Zb"
      },
      {
        "value": "CUSTOM:Zb"
      },
      {
        "value": "CUSTOM:Zb"
      },
      {
        "value": "CUSTOM:Zb"
      }
    ],
    "recipeReturnStack": {
      "value": "CUSTOM:ZbKuai"
    },
    "name": "item_to_block",
    "namespace": "mod"
  }
}